<?xml version="1.0" encoding="UTF-8" standalone="yes"?>
<addon id="plugin.program.jimmerztv" name="[COLORghostwhite][B]Jimmerz-Wizard[/B][/COLOR]" version="2.0.0" provider-name="Jimmerz Electronics">
  <requires>
    <import addon="xbmc.python" version="2.1.0"/>
  </requires>
  <extension point="xbmc.python.pluginsource" library="default.py">
    <provides>executable</provides>
  </extension>
  <extension point="xbmc.service" library="startup.py" start="startup" />
  <extension point="xbmc.addon.metadata">
    <summary lang="en">Jimmerz Wizard</summary>
    <description lang="en">The Jimmerz TV Wizard allows you access to the latest J-TV Custom Builds.</description>
    <platform>all</platform>
  </extension>
</addon>