﻿<?xml version="1.0" encoding="utf-8" standalone="yes"?>
<addon id="repository.jimmerz" name="[COLOR ghostwhite]Jimmerz-Repo[/COLOR]" version="1.0" provider-name="Jimmerz Electronics">
  <requires>
    <import addon="xbmc.addon" version="12.0.0" />
  </requires>
  <extension point="xbmc.addon.repository" name="Jimmerz Electronics repository">
    <info compressed="false">https://raw.githubusercontent.com/jimmerztv/repo/master/addons.xml</info>
    <checksum>https://raw.githubusercontent.com/jimmerztv/repo/master/addons.xml.md5</checksum>
    <datadir zip="true">https://raw.githubusercontent.com/jimmerztv/zips/master/addons/</datadir>
  </extension>
  <extension point="xbmc.addon.metadata">
    <summary>Jimmerz Electronics Repository!</summary>
    <description></description>
    <disclaimer></disclaimer>
    <platform>all</platform>
  </extension>
</addon>