﻿<?xml version="1.0" encoding="utf-8" standalone="yes"?>
<addon id="repository.jimmerz" name="[COLORghostwhite][B]Jimmerztv Repository[/B][/COLOR]" version="1.0.1" provider-name="Jimmerz Electronics">
  <requires>
    <import addon="xbmc.addon" version="12.0.0" />
  </requires>
  <extension point="xbmc.addon.repository" name="Jimmerztv Repo">
    <info compressed="false">https://raw.githubusercontent.com/jimmerztv/repo/master/addons.xml</info>
    <checksum>https://raw.githubusercontent.com/jimmerztv/repo/master/addons.xml.md5</checksum>
    <datadir zip="true">https://raw.githubusercontent.com/jimmerztv/zips/master/addons/</datadir>
  </extension>
  <extension point="xbmc.addon.metadata">
    <summary>The JimmerzTV Repository!</summary>
    <description></description>
    <disclaimer>All Add-Ons Within This Repo Are Supplied/Created And/Or Modified By 3rd Party Developers</disclaimer>
    <platform>all</platform>
  </extension>
</addon>